title,category,summary,topic,date
"AI Revolution in Healthcare","Technology","Artificial Intelligence is transforming healthcare with new diagnostic tools.","AI",2024-06-01
"Global Markets Rally","Finance","Stock markets worldwide see a significant rally amid economic optimism.","Markets",2024-06-02
"Climate Change Summit","Environment","World leaders gather to discuss urgent climate action.","Climate",2024-06-03
"Breakthrough in Cancer Research","Health","Scientists announce a major breakthrough in cancer treatment.","Cancer",2024-06-04
"SpaceX Launches New Rocket","Science","SpaceX successfully launches its latest rocket into orbit.","Space",2024-06-05
"Olympics 2024 Preview","Sports","A look ahead at the athletes and events for the 2024 Olympics.","Olympics",2024-06-06
"Electric Cars Gain Popularity","Automotive","Electric vehicles are becoming mainstream as technology improves.","EV",2024-06-07
"New Advances in Quantum Computing","Technology","Quantum computers are closer to practical use than ever before.","Quantum",2024-06-08
"Mental Health Awareness Month","Health","Campaigns worldwide focus on the importance of mental health.","Mental Health",2024-06-09
"Renewable Energy Investments Rise","Environment","Investments in renewable energy hit record highs.","Renewables",2024-06-10
"Cryptocurrency Regulation Tightens","Finance","Governments introduce new regulations for cryptocurrencies.","Crypto",2024-06-11
"Mars Rover Sends New Images","Science","NASA's Mars rover sends stunning new images from the red planet.","Mars",2024-06-12
"World Cup Qualifiers Update","Sports","Teams battle for a spot in the upcoming World Cup.","World Cup",2024-06-13
"Breakthrough in Battery Technology","Automotive","New battery tech promises longer range for electric cars.","Battery",2024-06-14
"AI in Education","Technology","AI tools are reshaping how students learn and teachers teach.","AI",2024-06-15 